{"head": "{\"item\":{\"1\":\"de\\/det\",\"3\":\"van\\/prep\",\"4\":\"het\\/det\",\"5\":\"een\\/det\",\"6\":\"ben\\/verb\"},\"freq\":{\"1\":28074105,\"3\":12638933,\"4\":11650779,\"5\":11075723,\"6\":9938754},\"prop\":{\"1\":0.0618718294,\"3\":0.0278546335,\"4\":0.0256768652,\"5\":0.0244095135,\"6\":0.0219037755},\"cumsum\":{\"1\":0.1082692242,\"3\":0.1673680734,\"4\":0.1897735806,\"5\":0.2110732029,\"6\":0.2301863304},\"prop2\":{\"1\":0.0618718294,\"3\":0.0278546335,\"4\":0.0256768652,\"5\":0.0244095135,\"6\":0.0219037755},\"cumsum2\":{\"1\":0.0618718294,\"3\":0.0897264629,\"4\":0.1154033282,\"5\":0.1398128416,\"6\":0.1617166171}}", "total_tokens": 453746160, "total_types": 4614213, "hapax_legomena": 2815943, "173": "{\"item\":\"alleen\\/adv\",\"freq\":266562,\"prop\":0.0005874694,\"cumsum\":0.5628394908,\"prop2\":0.0005874694,\"cumsum2\":0.5004036905}"}